,Laptop Review
0,"The Dell Latitude laptop has been a workhorse for me. Its performance is excellent, handling multiple tasks effortlessly. The integrated graphics are good enough for most tasks. The battery life is decent, lasting around 8 hours with moderate use. The screen quality is sharp and vibrant. It's lightweight and highly portable. The camera quality is average, but it gets the job done. The keyboard is comfortable for extended typing sessions."
1,"I'm impressed with the Dell Latitude's performance. It handles my design work and gaming well, thanks to the dedicated graphics card. The battery life is a bit disappointing, lasting around 5 hours on heavy usage. The screen quality is outstanding, with crisp colors. Its weight and portability are manageable. The camera quality is great for video calls. The keyboard is tactile and a pleasure to type on."
2,"The Dell Latitude is a solid performer for daily tasks. Integrated graphics handle everyday work, but the battery life is a bit short, lasting around 5 hours. The screen quality is sharp and bright. It's lightweight and portable, making it great for travel. The camera quality is decent for video calls. The keyboard is comfortable and responsive."
3,"I find the Dell Latitude to be a dependable work laptop. Its performance is snappy, and the integrated graphics are suitable for office tasks. Battery life is above average, lasting about 10 hours. The screen quality is good, with vibrant colors. It's lightweight and portable for a 14-inch laptop. The camera quality is passable for video calls. The keyboard is comfortable, and I can type for hours without discomfort."
4,"The Dell Latitude laptop is a powerhouse for daily usage. It excels in performance, and the dedicated graphics card handles gaming and design tasks effortlessly. The battery life is decent, around 6 hours on average. The screen quality is superb, with vivid colors and sharpness. Its weight and portability are acceptable. The camera quality is great for video conferencing. The keyboard is comfortable and ergonomic."
5,"I'm loving my Dell Latitude for everyday use. The performance is snappy, but the battery life is disappointing, lasting only 4 hours. The screen quality is top-notch with excellent clarity and colors. It's lightweight and extremely portable. The camera quality is good for video calls. The keyboard is comfortable and tactile."
6,"The Dell Latitude laptop is a reliable choice. Its performance is solid, but the battery life is somewhat short, lasting about 5 hours. The screen quality is crisp with accurate colors. It's lightweight and highly portable. The camera quality is decent for video chats. The keyboard is comfortable, and I can type for hours without fatigue."
7,"The Dell Latitude laptop exceeds expectations in daily performance. Integrated graphics handle my workload smoothly. Battery life is good, lasting about 8 hours. The screen quality is excellent, with sharp visuals. It's lightweight and portable, making it easy to carry around. The camera quality is decent for video calls. The keyboard is responsive and comfortable for typing."
8,"My Dell Latitude laptop is a daily work companion. It delivers excellent performance, and the dedicated graphics card is a bonus for creative work. Battery life is decent, around 7 hours. The screen quality is exceptional, with vivid colors. It's lightweight and highly portable. The camera quality is good for video calls. The keyboard is comfortable and responsive."
9,"The Dell Latitude is a great laptop for daily use. Its performance is impressive, handling multitasking effortlessly. The battery life is outstanding, lasting around 12 hours. The screen quality is outstanding, with sharp and vibrant visuals. It's lightweight and highly portable. The camera quality is decent for video calls. The keyboard is comfortable and great for typing for extended periods."
10,"The Dell Latitude laptop is a disappointing choice. Its performance is sluggish, and it struggles with basic tasks. Integrated graphics are underwhelming, and it has poor battery life, lasting only 3 hours. The screen quality is mediocre, build quality feels flimsy, and the camera quality is subpar. The keyboard is uncomfortable. Overall, it's not recommended for those seeking a reliable and high-performing laptop for daily tasks."
